{
    "loss": 1.2614564895629883,
    "accuracy": 0.8345323801040649
}